ISO,District,Sales
VN-D219,Huyện Lục Ngạn (Bắc Ninh),100
VN-D220,Huyện Sơn Động (Bắc Ninh),100
VN-D318,Huyện Bạch Long Vĩ (Hải Phòng),100
VN-D471,Huyện Cồn Cỏ (Quảng Trị),100
VN-D001,Quận Ba Đình (Hà Nội),100
VN-D002,Quận Hoàn Kiếm (Hà Nội),100
VN-D003,Quận Tây Hồ (Hà Nội),100
VN-D004,Quận Long Biên (Hà Nội),100
VN-D005,Quận Cầu Giấy (Hà Nội),100
VN-D006,Quận Đống Đa (Hà Nội),100
VN-D169,Huyện Đồng Hỷ (Thái Nguyên),100
VN-D007,Quận Hai Bà Trưng (Hà Nội),100
VN-D008,Quận Hoàng Mai (Hà Nội),100
VN-D009,Quận Thanh Xuân (Hà Nội),100
VN-D016,Huyện Sóc Sơn (Hà Nội),100
VN-D017,Huyện Đông Anh (Hà Nội),100
VN-D018,Huyện Gia Lâm (Hà Nội),100
VN-D135,Huyện Lục Yên (Lào Cai),100
VN-D280,Huyện Phú Xuyên (Hà Nội),100
VN-D281,Huyện Ứng Hòa (Hà Nội),100
VN-D151,Huyện Kỳ Sơn (Hoà Bình),100
VN-D152,Huyện Lương Sơn (Hoà Bình),100
VN-D034,Huyện Bắc Quang (Tuyên Quang),100
VN-D035,Huyện Quang Bình (Tuyên Quang),100
VN-D384,Huyện Mường Lát (Thanh Hóa),100
VN-D138,Huyện Trấn Yên (Lào Cai),100
VN-D167,Huyện Định Hóa (Thái Nguyên),100
VN-D122,Huyện Phù Yên (Sơn La),100
VN-D020,Huyện Thanh Trì (Hà Nội),100
VN-D157,Huyện Lạc Sơn (Hoà Bình),100
VN-D584,Huyện Bác Ái (Khánh Hòa),100
VN-D585,Huyện Ninh Sơn (Khánh Hòa),100
VN-D586,Huyện Ninh Hải (Khánh Hòa),100
VN-D588,Huyện Thuận Bắc (Khánh Hòa),100
VN-D847,Huyện Châu Thành (Vĩnh Long),100
VN-D126,Huyện Sông Mã (Sơn La),100
VN-D293,Huyện Kim Thành (Hải Phòng),100
VN-D300,Huyện Thanh Miện (Hải Phòng),100
VN-D233,Huyện Phù Ninh (Phú Thọ),100
VN-D207,Huyện Cô Tô (Quảng Ninh),100
VN-D213,Thành phố Bắc Giang (Bắc Ninh),100
VN-D381,Thị xã Bỉm Sơn (Thanh Hóa),100
VN-D382,Thành phố Sầm Sơn (Thanh Hóa),100
VN-D761,Quận 12 (Hồ Chí Minh),100
VN-D888,Huyện Phú Tân (An Giang),100
VN-D890,Huyện Tịnh Biên (An Giang),100
VN-D164,Thành phố Thái Nguyên (Thái Nguyên),100
VN-D168,Huyện Phú Lương (Thái Nguyên),100
VN-D215,Huyện Yên Thế (Bắc Ninh),100
VN-D731,Thành phố Biên Hòa (Đồng Nai),100
VN-D795,Thị xã Kiến Tường (Tây Ninh),100
VN-D798,Huyện Mộc Hóa (Tây Ninh),100
VN-D272,Huyện Phúc Thọ (Hà Nội),100
VN-D314,Huyện Kiến Thuỵ (Hải Phòng),100
VN-D311,Huyện Thuỷ Nguyên (Hải Phòng),100
VN-D525,Huyện Trà Bồng (Quảng Ngãi),100
VN-D526,Huyện Tây Trà (Quảng Ngãi),100
VN-D522,Thành phố Quảng Ngãi (Quảng Ngãi),100
VN-D527,Huyện Sơn Tịnh (Quảng Ngãi),100
VN-D032,Huyện Hoàng Su Phì (Tuyên Quang),100
VN-D033,Huyện Xín Mần (Tuyên Quang),100
VN-D052,Huyện Nguyên Bình (Cao Bằng),100
VN-D107,Huyện Mường Tè (Lai Châu),100
VN-D112,Huyện Nậm Nhùn (Lai Châu),100
VN-D108,Huyện Sìn Hồ (Lai Châu),100
VN-D109,Huyện Phong Thổ (Lai Châu),100
VN-D227,Thành phố Việt Trì (Phú Thọ),100
VN-D549,Thị xã An Nhơn (Gia Lai),100
VN-D739,Huyện Cẩm Mỹ (Đồng Nai),100
VN-D740,Huyện Long Thành (Đồng Nai),100
VN-D053,Huyện Thạch An (Cao Bằng),100
VN-D966,Huyện U Minh (Cà Mau),100
VN-D967,Huyện Thới Bình (Cà Mau),100
VN-D172,Thị xã Phổ Yên (Thái Nguyên),100
VN-D173,Huyện Phú Bình (Thái Nguyên),100
VN-D181,Huyện Bình Gia (Lạng Sơn),100
VN-D648,Huyện Cư M'gar (Đắk Lắk),100
VN-D644,Thị Xã Buôn Hồ (Đắk Lắk),100
VN-D649,Huyện Krông Búk (Đắk Lắk),100
VN-D426,Huyện Yên Thành (Nghệ An),100
VN-D427,Huyện Đô Lương (Nghệ An),100
VN-D455,Huyện Bố Trạch (Quảng Trị),100
VN-D723,Thị xã Tân Uyên (Hồ Chí Minh),100
VN-D726,Huyện Bắc Tân Uyên (Hồ Chí Minh),100
VN-D150,Huyện Đà Bắc (Hoà Bình),100
VN-D156,Huyện Mai Châu (Hoà Bình),100
VN-D235,Huyện Cẩm Khê (Phú Thọ),100
VN-D236,Huyện Tam Nông (Phú Thọ),100
VN-D330,Huyện Khoái Châu (Hưng Yên),100
VN-D331,Huyện Kim Động (Hưng Yên),100
VN-D391,Huyện Thạch Thành (Thanh Hóa),100
VN-D313,Huyện An Lão (Hải Phòng),100
VN-D309,Quận Dương Kinh (Hải Phòng),100
VN-D344,Huyện Vũ Thư (Hưng Yên),100
VN-D237,Huyện Lâm Thao (Phú Thọ),100
VN-D824,Huyện Gò Công Đông (Đồng Tháp),100
VN-D816,Thị xã Gò Công (Đồng Tháp),100
VN-D899,Thành phố Rạch Giá (An Giang),100
VN-D900,Thị xã Hà Tiên (An Giang),100
VN-D832,Huyện Chợ Lách (Vĩnh Long),100
VN-D838,Huyện Mỏ Cày Bắc (Vĩnh Long),100
VN-D540,Thành phố Qui Nhơn (Gia Lai),100
VN-D551,Huyện Vân Canh (Gia Lai),100
VN-D555,Thành phố Tuy Hoà (Đắk Lắk),100
VN-D045,Huyện Hà Quảng (Cao Bằng),100
VN-D836,Huyện Ba Tri (Vĩnh Long),100
VN-D833,Huyện Mỏ Cày Nam (Vĩnh Long),100
VN-D923,Quận Thốt Nốt (Cần Thơ),100
VN-D925,Huyện Cờ Đỏ (Cần Thơ),100
VN-D625,Huyện KBang (Gia Lai),100
VN-D568,Thành phố Nha Trang (Khánh Hòa),100
VN-D183,Huyện Cao Lộc (Lạng Sơn),100
VN-D271,Huyện Ba Vì (Hà Nội),100
VN-D046,Huyện Trà Lĩnh (Cao Bằng),100
VN-D047,Huyện Trùng Khánh (Cao Bằng),100
VN-D465,Huyện Hướng Hóa (Quảng Trị),100
VN-D466,Huyện Gio Linh (Quảng Trị),100
VN-D417,Huyện Kỳ Sơn (Nghệ An),100
VN-D304,Quận Ngô Quyền (Hải Phòng),100
VN-D024,Thành phố Hà Giang (Tuyên Quang),100
VN-D030,Huyện Vị Xuyên (Tuyên Quang),100
VN-D239,Huyện Thanh Thuỷ (Phú Thọ),100
VN-D274,Huyện Hoài Đức (Hà Nội),100
VN-D275,Huyện Quốc Oai (Hà Nội),100
VN-D388,Huyện Lang Chánh (Thanh Hóa),100
VN-D389,Huyện Ngọc Lặc (Thanh Hóa),100
VN-D718,Thành phố Thủ Dầu Một (Hồ Chí Minh),100
VN-D722,Huyện Phú Giáo (Hồ Chí Minh),100
VN-D725,Thị xã Thuận An (Hồ Chí Minh),100
VN-D469,Huyện Triệu Phong (Quảng Trị),100
VN-D470,Huyện Hải Lăng (Quảng Trị),100
VN-D462,Thị xã Quảng Trị (Quảng Trị),100
VN-D474,Thành phố Huế (Thừa Thiên Huế),100
VN-D476,Huyện Phong Điền (Thừa Thiên Huế),100
VN-D481,Huyện A Lưới (Thừa Thiên Huế),100
VN-D598,Huyện Hàm Thuận Nam (Lâm Đồng),100
VN-D762,Quận Thủ Đức (Hồ Chí Minh),100
VN-D392,Huyện Hà Trung (Thanh Hóa),100
VN-D637,Huyện Krông Pa (Gia Lai),100
VN-D548,Huyện Phù Cát (Gia Lai),100
VN-D763,Quận 9 (Hồ Chí Minh),100
VN-D764,Quận Gò Vấp (Hồ Chí Minh),100
VN-D119,Huyện Thuận Châu (Sơn La),100
VN-D120,Huyện Mường La (Sơn La),100
VN-D121,Huyện Bắc Yên (Sơn La),100
VN-D153,Huyện Kim Bôi (Hoà Bình),100
VN-D159,Huyện Lạc Thủy (Hoà Bình),100
VN-D154,Huyện Cao Phong (Hoà Bình),100
VN-D258,Huyện Yên Phong (Bắc Ninh),100
VN-D256,Thành phố Bắc Ninh (Bắc Ninh),100
VN-D259,Huyện Quế Võ (Bắc Ninh),100
VN-D387,Huyện Quan Sơn (Thanh Hóa),100
VN-D393,Huyện Vĩnh Lộc (Thanh Hóa),100
VN-D394,Huyện Yên Định (Thanh Hóa),100
VN-D404,Huyện Nông Cống (Thanh Hóa),100
VN-D420,Huyện Quỳ Hợp (Nghệ An),100
VN-D406,Huyện Quảng Xương (Thanh Hóa),100
VN-D141,Huyện Yên Bình (Lào Cai),100
VN-D082,Huyện Bát Xát (Lào Cai),100
VN-D083,Huyện Mường Khương (Lào Cai),100
VN-D084,Huyện Si Ma Cai (Lào Cai),100
VN-D085,Huyện Bắc Hà (Lào Cai),100
VN-D186,Huyện Hữu Lũng (Lạng Sơn),100
VN-D187,Huyện Chi Lăng (Lạng Sơn),100
VN-D529,Huyện Sơn Hà (Quảng Ngãi),100
VN-D530,Huyện Sơn Tây (Quảng Ngãi),100
VN-D544,Huyện Hoài Ân (Gia Lai),100
VN-D490,Quận Liên Chiểu (Đà Nẵng),100
VN-D519,Huyện Nông Sơn (Đà Nẵng),100
VN-D509,Huyện Quế Sơn (Đà Nẵng),100
VN-D510,Huyện Nam Giang (Đà Nẵng),100
VN-D428,Huyện Thanh Chương (Nghệ An),100
VN-D429,Huyện Nghi Lộc (Nghệ An),100
VN-D421,Huyện Quỳnh Lưu (Nghệ An),100
VN-D432,Thị xã Hoàng Mai (Nghệ An),100
VN-D550,Huyện Tuy Phước (Gia Lai),100
VN-D060,Huyện Pác Nặm (Thái Nguyên),100
VN-D061,Huyện Ba Bể (Thái Nguyên),100
VN-D062,Huyện Ngân Sơn (Thái Nguyên),100
VN-D097,Huyện Mường Chà (Điện Biên),100
VN-D103,Huyện Nậm Pồ (Điện Biên),100
VN-D101,Huyện Điện Biên Đông (Điện Biên),100
VN-D098,Huyện Tủa Chùa (Điện Biên),100
VN-D125,Huyện Mai Sơn (Sơn La),100
VN-D514,Huyện Tiên Phước (Đà Nẵng),100
VN-D515,Huyện Bắc Trà My (Đà Nẵng),100
VN-D418,Huyện Tương Dương (Nghệ An),100
VN-D867,Thành phố Sa Đéc (Đồng Tháp),100
VN-D760,Quận 1 (Hồ Chí Minh),100
VN-D545,Huyện Phù Mỹ (Gia Lai),100
VN-D804,Huyện Thủ Thừa (Tây Ninh),100
VN-D405,Huyện Đông Sơn (Thanh Hóa),100
VN-D380,Thành phố Thanh Hóa (Thanh Hóa),100
VN-D407,Huyện Tĩnh Gia (Thanh Hóa),100
VN-D876,Huyện Lai Vung (Đồng Tháp),100
VN-D303,Quận Hồng Bàng (Hải Phòng),100
VN-D261,Thị xã Từ Sơn (Bắc Ninh),100
VN-D372,Huyện Nho Quan (Ninh Bình),100
VN-D182,Huyện Văn Lãng (Lạng Sơn),100
VN-D305,Quận Lê Chân (Hải Phòng),100
VN-D317,Huyện Cát Hải (Hải Phòng),100
VN-D064,Huyện Chợ Đồn (Thái Nguyên),100
VN-D065,Huyện Chợ Mới (Thái Nguyên),100
VN-D051,Huyện Hoà An (Cao Bằng),100
VN-D040,Thành phố Cao Bằng (Cao Bằng),100
VN-D269,Thị xã Sơn Tây (Hà Nội),100
VN-D298,Huyện Tứ Kỳ (Hải Phòng),100
VN-D299,Huyện Ninh Giang (Hải Phòng),100
VN-D336,Thành phố Thái Bình (Hưng Yên),100
VN-D366,Huyện Hải Hậu (Ninh Bình),100
VN-D071,Huyện Lâm Bình (Tuyên Quang),100
VN-D072,Huyện Nà Hang (Tuyên Quang),100
VN-D073,Huyện Chiêm Hóa (Tuyên Quang),100
VN-D136,Huyện Văn Yên (Lào Cai),100
VN-D238,Huyện Thanh Sơn (Phú Thọ),100
VN-D240,Huyện Tân Sơn (Phú Thọ),100
VN-D155,Huyện Tân Lạc (Hoà Bình),100
VN-D524,Huyện Bình Sơn (Quảng Ngãi),100
VN-D564,Huyện Đông Hòa (Đắk Lắk),100
VN-D562,Huyện Tây Hoà (Đắk Lắk),100
VN-D563,Huyện Phú Hoà (Đắk Lắk),100
VN-D019,Quận Nam Từ Liêm (Hà Nội),100
VN-D021,Quận Bắc Từ Liêm (Hà Nội),100
VN-D031,Huyện Bắc Mê (Tuyên Quang),100
VN-D042,Huyện Bảo Lâm (Cao Bằng),100
VN-D043,Huyện Bảo Lạc (Cao Bằng),100
VN-D206,Thị xã Quảng Yên (Quảng Ninh),100
VN-D196,Thành phố Uông Bí (Quảng Ninh),100
VN-D223,Huyện Hiệp Hòa (Bắc Ninh),100
VN-D400,Huyện Hậu Lộc (Thanh Hóa),100
VN-D848,Huyện Cầu Ngang (Vĩnh Long),100
VN-D849,Huyện Trà Cú (Vĩnh Long),100
VN-D075,Huyện Yên Sơn (Tuyên Quang),100
VN-D070,Thành phố Tuyên Quang (Tuyên Quang),100
VN-D076,Huyện Sơn Dương (Tuyên Quang),100
VN-D099,Huyện Tuần Giáo (Điện Biên),100
VN-D102,Huyện Mường Ảng (Điện Biên),100
VN-D100,Huyện Điện Biên (Điện Biên),100
VN-D399,Huyện Hoằng Hóa (Thanh Hóa),100
VN-D263,Huyện Gia Bình (Bắc Ninh),100
VN-D803,Huyện Bến Lức (Tây Ninh),100
VN-D622,Thành phố Pleiku (Gia Lai),100
VN-D708,Huyện Châu Thành (Tây Ninh),100
VN-D817,Thị xã Cai Lậy (Đồng Tháp),100
VN-D902,Huyện Kiên Lương (An Giang),100
VN-D906,Huyện Giồng Riềng (An Giang),100
VN-D907,Huyện Gò Quao (An Giang),100
VN-D695,Huyện Đồng Phú (Đồng Nai),100
VN-D316,Huyện Vĩnh Bảo (Hải Phòng),100
VN-D096,Huyện Mường Nhé (Điện Biên),100
VN-D738,Huyện Thống Nhất (Đồng Nai),100
VN-D709,Huyện Hòa Thành (Tây Ninh),100
VN-D312,Huyện An Dương (Hải Phòng),100
VN-D326,Huyện Văn Giang (Hưng Yên),100
VN-D390,Huyện Cẩm Thủy (Thanh Hóa),100
VN-D397,Huyện Triệu Sơn (Thanh Hóa),100
VN-D593,Thành phố Phan Thiết (Lâm Đồng),100
VN-D595,Huyện Tuy Phong (Lâm Đồng),100
VN-D770,Quận 3 (Hồ Chí Minh),100
VN-D694,Huyện Hớn Quản (Đồng Nai),100
VN-D443,Huyện Can Lộc (Hà Tĩnh),100
VN-D448,Huyện Lộc Hà (Hà Tĩnh),100
VN-D445,Huyện Thạch Hà (Hà Tĩnh),100
VN-D446,Huyện Cẩm Xuyên (Hà Tĩnh),100
VN-D664,Huyện Krông Nô (Lâm Đồng),100
VN-D517,Huyện Núi Thành (Đà Nẵng),100
VN-D532,Huyện Nghĩa Hành (Quảng Ngãi),100
VN-D533,Huyện Mộ Đức (Quảng Ngãi),100
VN-D534,Huyện Đức Phổ (Quảng Ngãi),100
VN-D823,Huyện Gò Công Tây (Đồng Tháp),100
VN-D825,Huyện Tân Phú Đông (Đồng Tháp),100
VN-D914,Huyện Giang Thành (An Giang),100
VN-D904,Huyện Tân Hiệp (An Giang),100
VN-D412,Thành phố Vinh (Nghệ An),100
VN-D449,Thị xã Kỳ Anh (Hà Tĩnh),100
VN-D447,Huyện Kỳ Anh (Hà Tĩnh),100
VN-D822,Huyện Chợ Gạo (Đồng Tháp),100
VN-D863,Huyện Bình Tân (Vĩnh Long),100
VN-D861,Thị xã Bình Minh (Vĩnh Long),100
VN-D862,Huyện Trà Ôn (Vĩnh Long),100
VN-D875,Huyện Lấp Vò (Đồng Tháp),100
VN-D874,Huyện Thanh Bình (Đồng Tháp),100
VN-D799,Huyện Tân Thạnh (Tây Ninh),100
VN-D807,Huyện Cần Giuộc (Tây Ninh),100
VN-D276,Huyện Thạch Thất (Hà Nội),100
VN-D308,Quận Đồ Sơn (Hải Phòng),100
VN-D315,Huyện Tiên Lãng (Hải Phòng),100
VN-D221,Huyện Yên Dũng (Bắc Ninh),100
VN-D049,Huyện Quảng Uyên (Cao Bằng),100
VN-D234,Huyện Yên Lập (Phú Thọ),100
VN-D450,Thành Phố Đồng Hới (Quảng Trị),100
VN-D452,Huyện Minh Hóa (Quảng Trị),100
VN-D504,Huyện Tây Giang (Đà Nẵng),100
VN-D506,Huyện Đại Lộc (Đà Nẵng),100
VN-D202,Huyện Ba Chẽ (Quảng Ninh),100
VN-D203,Huyện Vân Đồn (Quảng Ninh),100
VN-D218,Huyện Lục Nam (Bắc Ninh),100
VN-D288,Thành phố Hải Dương (Hải Phòng),100
VN-D297,Huyện Gia Lộc (Hải Phòng),100
VN-D347,Thành phố Phủ Lý (Ninh Bình),100
VN-D350,Huyện Kim Bảng (Ninh Bình),100
VN-D351,Huyện Thanh Liêm (Ninh Bình),100
VN-D574,Huyện Diên Khánh (Khánh Hòa),100
VN-D074,Huyện Hàm Yên (Tuyên Quang),100
VN-D137,Huyện Mù Căng Chải (Lào Cai),100
VN-D058,Thành Phố Bắc Kạn (Thái Nguyên),100
VN-D178,Thành phố Lạng Sơn (Lạng Sơn),100
VN-D180,Huyện Tràng Định (Lạng Sơn),100
VN-D228,Thị xã Phú Thọ (Phú Thọ),100
VN-D230,Huyện Đoan Hùng (Phú Thọ),100
VN-D377,Huyện Yên Mô (Ninh Bình),100
VN-D361,Huyện Nghĩa Hưng (Ninh Bình),100
VN-D279,Huyện Thường Tín (Hà Nội),100
VN-D292,Huyện Kinh Môn (Hải Phòng),100
VN-D158,Huyện Yên Thủy (Hoà Bình),100
VN-D502,Thành phố Tam Kỳ (Đà Nẵng),100
VN-D503,Thành phố Hội An (Đà Nẵng),100
VN-D508,Huyện Duy Xuyên (Đà Nẵng),100
VN-D118,Huyện Quỳnh Nhai (Sơn La),100
VN-D696,Huyện Bù Đăng (Đồng Nai),100
VN-D697,Huyện Chơn Thành (Đồng Nai),100
VN-D430,Huyện Nam Đàn (Nghệ An),100
VN-D431,Huyện Hưng Nguyên (Nghệ An),100
VN-D188,Huyện Lộc Bình (Lạng Sơn),100
VN-D189,Huyện Đình Lập (Lạng Sơn),100
VN-D260,Huyện Tiên Du (Bắc Ninh),100
VN-D252,Huyện Vĩnh Tường (Phú Thọ),100
VN-D268,Quận Hà Đông (Hà Nội),100
VN-D376,Huyện Kim Sơn (Ninh Bình),100
VN-D089,Huyện Văn Bàn (Lào Cai),100
VN-D105,Thành phố Lai Châu (Lai Châu),100
VN-D171,Huyện Đại Từ (Thái Nguyên),100
VN-D835,Huyện Bình Đại (Vĩnh Long),100
VN-D386,Huyện Bá Thước (Thanh Hóa),100
VN-D698,Huyện Phú Riềng (Đồng Nai),100
VN-D942,Huyện Châu Thành (Cần Thơ),100
VN-D860,Huyện Tam Bình (Vĩnh Long),100
VN-D681,Huyện Đạ Huoai (Lâm Đồng),100
VN-D249,Huyện Bình Xuyên (Phú Thọ),100
VN-D818,Huyện Tân Phước (Đồng Tháp),100
VN-D819,Huyện Cái Bè (Đồng Tháp),100
VN-D264,Huyện Lương Tài (Bắc Ninh),100
VN-D044,Huyện Thông Nông (Cao Bằng),100
VN-D063,Huyện Bạch Thông (Thái Nguyên),100
VN-D250,Huyện Mê Linh (Hà Nội),100
VN-D251,Huyện Yên Lạc (Phú Thọ),100
VN-D546,Huyện Vĩnh Thạnh (Gia Lai),100
VN-D547,Huyện Tây Sơn (Gia Lai),100
VN-D575,Huyện Khánh Sơn (Khánh Hòa),100
VN-D576,Huyện Trường Sa (Khánh Hòa),100
VN-D582,Thành phố Phan Rang-Tháp Chàm (Khánh Hòa),100
VN-D747,Thành phố Vũng Tàu (Hồ Chí Minh),100
VN-D748,Thành phố Bà Rịa (Hồ Chí Minh),100
VN-D750,Huyện Châu Đức (Hồ Chí Minh),100
VN-D751,Huyện Xuyên Mộc (Hồ Chí Minh),100
VN-D964,Thành phố Cà Mau (Cà Mau),100
VN-D369,Thành phố Ninh Bình (Ninh Bình),100
VN-D645,Huyện Ea H'leo (Đắk Lắk),100
VN-D262,Huyện Thuận Thành (Bắc Ninh),100
VN-D736,Huyện Định Quán (Đồng Nai),100
VN-D786,Huyện Nhà Bè (Hồ Chí Minh),100
VN-D787,Huyện Cần Giờ (Hồ Chí Minh),100
VN-D794,Thành phố Tân An (Tây Ninh),100
VN-D333,Huyện Phù Cừ (Hưng Yên),100
VN-D339,Huyện Hưng Hà (Hưng Yên),100
VN-D797,Huyện Vĩnh Hưng (Tây Ninh),100
VN-D905,Huyện Châu Thành (An Giang),100
VN-D414,Thị xã Thái Hoà (Nghệ An),100
VN-D419,Huyện Nghĩa Đàn (Nghệ An),100
VN-D273,Huyện Đan Phượng (Hà Nội),100
VN-D132,Thành phố Yên Bái (Lào Cai),100
VN-D080,Thành phố Lào Cai (Lào Cai),100
VN-D094,Thành phố Điện Biên Phủ (Điện Biên),100
VN-D095,Thị Xã Mường Lay (Điện Biên),100
VN-D133,Thị xã Nghĩa Lộ (Lào Cai),100
VN-D185,Huyện Bắc Sơn (Lạng Sơn),100
VN-D887,Thị xã Tân Châu (An Giang),100
VN-D454,Huyện Quảng Trạch (Quảng Trị),100
VN-D458,Thị xã Ba Đồn (Quảng Trị),100
VN-D479,Thị xã Hương Thủy (Thừa Thiên Huế),100
VN-D480,Thị xã Hương Trà (Thừa Thiên Huế),100
VN-D513,Huyện Thăng Bình (Đà Nẵng),100
VN-D516,Huyện Nam Trà My (Đà Nẵng),100
VN-D194,Thành phố Móng Cái (Quảng Ninh),100
VN-D217,Huyện Lạng Giang (Bắc Ninh),100
VN-D596,Huyện Bắc Bình (Lâm Đồng),100
VN-D597,Huyện Hàm Thuận Bắc (Lâm Đồng),100
VN-D626,Huyện Đăk Đoa (Gia Lai),100
VN-D048,Huyện Hạ Lang (Cao Bằng),100
VN-D327,Huyện Yên Mỹ (Hưng Yên),100
VN-D328,Huyện Mỹ Hào (Hưng Yên),100
VN-D352,Huyện Bình Lục (Ninh Bình),100
VN-D353,Huyện Lý Nhân (Ninh Bình),100
VN-D467,Huyện Đa Krông (Quảng Trị),100
VN-D437,Thị xã Hồng Lĩnh (Hà Tĩnh),100
VN-D439,Huyện Hương Sơn (Hà Tĩnh),100
VN-D573,Huyện Khánh Vĩnh (Khánh Hòa),100
VN-D282,Huyện Mỹ Đức (Hà Nội),100
VN-D204,Huyện Hoành Bồ (Quảng Ninh),100
VN-D205,Thị xã Đông Triều (Quảng Ninh),100
VN-D165,Thành phố Sông Công (Thái Nguyên),100
VN-D170,Huyện Võ Nhai (Thái Nguyên),100
VN-D110,Huyện Than Uyên (Lai Châu),100
VN-D116,Thành phố Sơn La (Sơn La),100
VN-D954,Thành phố Bạc Liêu (Cà Mau),100
VN-D956,Huyện Hồng Dân (Cà Mau),100
VN-D933,Huyện Châu Thành (Cần Thơ),100
VN-D934,Huyện Phụng Hiệp (Cần Thơ),100
VN-D329,Huyện Ân Thi (Hưng Yên),100
VN-D342,Huyện Tiền Hải (Hưng Yên),100
VN-D343,Huyện Kiến Xương (Hưng Yên),100
VN-D278,Huyện Thanh Oai (Hà Nội),100
VN-D323,Thành phố Hưng Yên (Hưng Yên),100
VN-D903,Huyện Hòn Đất (An Giang),100
VN-D050,Huyện Phục Hoà (Cao Bằng),100
VN-D370,Thành phố Tam Điệp (Ninh Bình),100
VN-D200,Huyện Đầm Hà (Quảng Ninh),100
VN-D195,Thành phố Cẩm Phả (Quảng Ninh),100
VN-D338,Huyện Quỳnh Phụ (Hưng Yên),100
VN-D148,Thành phố Hòa Bình (Hoà Bình),100
VN-D349,Huyện Duy Tiên (Ninh Bình),100
VN-D777,Quận Bình Tân (Hồ Chí Minh),100
VN-D778,Quận 7 (Hồ Chí Minh),100
VN-D027,Huyện Mèo Vạc (Tuyên Quang),100
VN-D028,Huyện Yên Minh (Tuyên Quang),100
VN-D665,Huyện Đắk Song (Lâm Đồng),100
VN-D667,Huyện Tuy Đức (Lâm Đồng),100
VN-D774,Quận 5 (Hồ Chí Minh),100
VN-D364,Huyện Xuân Trường (Ninh Bình),100
VN-D365,Huyện Giao Thủy (Ninh Bình),100
VN-D423,Huyện Tân Kỳ (Nghệ An),100
VN-D425,Huyện Diễn Châu (Nghệ An),100
VN-D106,Huyện Tam Đường (Lai Châu),100
VN-D385,Huyện Quan Hóa (Thanh Hóa),100
VN-D772,Quận 11 (Hồ Chí Minh),100
VN-D820,Huyện Cai Lậy (Đồng Tháp),100
VN-D646,Huyện Ea Súp (Đắk Lắk),100
VN-D199,Huyện Tiên Yên (Quảng Ninh),100
VN-D066,Huyện Na Rì (Thái Nguyên),100
VN-D424,Huyện Anh Sơn (Nghệ An),100
VN-D403,Huyện Như Thanh (Thanh Hóa),100
VN-D643,Thành phố Buôn Ma Thuột (Đắk Lắk),100
VN-D111,Huyện Tân Uyên (Lai Châu),100
VN-D373,Huyện Gia Viễn (Ninh Bình),100
VN-D087,Huyện Bảo Yên (Lào Cai),100
VN-D088,Huyện Sa Pa (Lào Cai),100
VN-D889,Huyện Châu Phú (An Giang),100
VN-D601,Huyện Hàm Tân (Lâm Đồng),100
VN-D600,Huyện Đức Linh (Lâm Đồng),100
VN-D477,Huyện Quảng Điền (Thừa Thiên Huế),100
VN-D296,Huyện Bình Giang (Hải Phòng),100
VN-D560,Huyện Sơn Hòa (Đắk Lắk),100
VN-D332,Huyện Tiên Lữ (Hưng Yên),100
VN-D957,Huyện Phước Long (Cà Mau),100
VN-D796,Huyện Tân Hưng (Tây Ninh),100
VN-D478,Huyện Phú Vang (Thừa Thiên Huế),100
VN-D569,Thành phố Cam Ranh (Khánh Hòa),100
VN-D570,Huyện Cam Lâm (Khánh Hòa),100
VN-D231,Huyện Hạ Hoà (Phú Thọ),100
VN-D277,Huyện Chương Mỹ (Hà Nội),100
VN-D629,Huyện Mang Yang (Gia Lai),100
VN-D511,Huyện Phước Sơn (Đà Nẵng),100
VN-D528,Huyện Tư Nghĩa (Quảng Ngãi),100
VN-D395,Huyện Thọ Xuân (Thanh Hóa),100
VN-D396,Huyện Thường Xuân (Thanh Hóa),100
VN-D754,Huyện Tân Thành (Hồ Chí Minh),100
VN-D594,Thị xã La Gi (Lâm Đồng),100
VN-D482,Huyện Phú Lộc (Thừa Thiên Huế),100
VN-D483,Huyện Nam Đông (Thừa Thiên Huế),100
VN-D375,Huyện Yên Khánh (Ninh Bình),100
VN-D026,Huyện Đồng Văn (Tuyên Quang),100
VN-D869,Huyện Tân Hồng (Đồng Tháp),100
VN-D653,Huyện Krông Bông (Đắk Lắk),100
VN-D654,Huyện Krông Pắc (Đắk Lắk),100
VN-D850,Huyện Duyên Hải (Vĩnh Long),100
VN-D193,Thành phố Hạ Long (Quảng Ninh),100
VN-D123,Huyện Mộc Châu (Sơn La),100
VN-D128,Huyện Vân Hồ (Sơn La),100
VN-D124,Huyện Yên Châu (Sơn La),100
VN-D216,Huyện Tân Yên (Bắc Ninh),100
VN-D029,Huyện Quản Bạ (Tuyên Quang),100
VN-D086,Huyện Bảo Thắng (Lào Cai),100
VN-D442,Huyện Nghi Xuân (Hà Tĩnh),100
VN-D356,Thành phố Nam Định (Ninh Bình),100
VN-D358,Huyện Mỹ Lộc (Ninh Bình),100
VN-D359,Huyện Vụ Bản (Ninh Bình),100
VN-D127,Huyện Sốp Cộp (Sơn La),100
VN-D444,Huyện Hương Khê (Hà Tĩnh),100
VN-D720,Huyện Dầu Tiếng (Hồ Chí Minh),100
VN-D440,Huyện Đức Thọ (Hà Tĩnh),100
VN-D800,Huyện Thạnh Hóa (Tây Ninh),100
VN-D801,Huyện Đức Huệ (Tây Ninh),100
VN-D464,Huyện Vĩnh Linh (Quảng Trị),100
VN-D691,Huyện Bù Gia Mập (Đồng Nai),100
VN-D688,Thị xã Phước Long (Đồng Nai),100
VN-D602,Huyện Phú Quí (Lâm Đồng),100
VN-D608,Thành phố Kon Tum (Quảng Ngãi),100
VN-D737,Huyện Trảng Bom (Đồng Nai),100
VN-D721,Thị xã Bến Cát (Hồ Chí Minh),100
VN-D719,Huyện Bàu Bàng (Hồ Chí Minh),100
VN-D870,Huyện Hồng Ngự (Đồng Tháp),100
VN-D868,Thị xã Hồng Ngự (Đồng Tháp),100
VN-D932,Huyện Châu Thành A (Cần Thơ),100
VN-D927,Huyện Thới Lai (Cần Thơ),100
VN-D834,Huyện Giồng Trôm (Vĩnh Long),100
VN-D201,Huyện Hải Hà (Quảng Ninh),100
VN-D783,Huyện Củ Chi (Hồ Chí Minh),100
VN-D139,Huyện Trạm Tấu (Lào Cai),100
VN-D140,Huyện Văn Chấn (Lào Cai),100
VN-D325,Huyện Văn Lâm (Hưng Yên),100
VN-D340,Huyện Đông Hưng (Hưng Yên),100
VN-D610,Huyện Đắk Glei (Quảng Ngãi),100
VN-D611,Huyện Ngọc Hồi (Quảng Ngãi),100
VN-D612,Huyện Đắk Tô (Quảng Ngãi),100
VN-D617,Huyện Tu Mơ Rông (Quảng Ngãi),100
VN-D184,Huyện Văn Quan (Lạng Sơn),100
VN-D198,Huyện Bình Liêu (Quảng Ninh),100
VN-D232,Huyện Thanh Ba (Phú Thọ),100
VN-D291,Huyện Nam Sách (Hải Phòng),100
VN-D290,Thị xã Chí Linh (Hải Phòng),100
VN-D776,Quận 8 (Hồ Chí Minh),100
VN-D785,Huyện Bình Chánh (Hồ Chí Minh),100
VN-D805,Huyện Tân Trụ (Tây Ninh),100
VN-D775,Quận 6 (Hồ Chí Minh),100
VN-D693,Huyện Bù Đốp (Đồng Nai),100
VN-D457,Huyện Lệ Thủy (Quảng Trị),100
VN-D724,Thị xã Dĩ An (Hồ Chí Minh),100
VN-D518,Huyện Phú Ninh (Đà Nẵng),100
VN-D941,Thành phố Sóc Trăng (Cần Thơ),100
VN-D943,Huyện Kế Sách (Cần Thơ),100
VN-D946,Huyện Long Phú (Cần Thơ),100
VN-D951,Huyện Trần Đề (Cần Thơ),100
VN-D831,Huyện Châu Thành (Vĩnh Long),100
VN-D638,Huyện Phú Thiện (Gia Lai),100
VN-D624,Thị xã Ayun Pa (Gia Lai),100
VN-D851,Thị xã Duyên Hải (Vĩnh Long),100
VN-D891,Huyện Tri Tôn (An Giang),100
VN-D650,Huyện Krông Năng (Đắk Lắk),100
VN-D222,Huyện Việt Yên (Bắc Ninh),100
VN-D647,Huyện Buôn Đôn (Đắk Lắk),100
VN-D456,Huyện Quảng Ninh (Quảng Trị),100
VN-D618,Huyện Ia H' Drai (Quảng Ngãi),100
VN-D616,Huyện Sa Thầy (Quảng Ngãi),100
VN-D710,Huyện Gò Dầu (Tây Ninh),100
VN-D247,Huyện Tam Dương (Phú Thọ),100
VN-D248,Huyện Tam Đảo (Phú Thọ),100
VN-D243,Thành phố Vĩnh Yên (Phú Thọ),100
VN-D244,Thị xã Phúc Yên (Phú Thọ),100
VN-D246,Huyện Lập Thạch (Phú Thọ),100
VN-D253,Huyện Sông Lô (Phú Thọ),100
VN-D507,Thị xã Điện Bàn (Đà Nẵng),100
VN-D666,Huyện Đắk R'Lấp (Lâm Đồng),100
VN-D910,Huyện Vĩnh Thuận (An Giang),100
VN-D913,Huyện U Minh Thượng (An Giang),100
VN-D692,Huyện Lộc Ninh (Đồng Nai),100
VN-D937,Thị xã Long Mỹ (Cần Thơ),100
VN-D936,Huyện Long Mỹ (Cần Thơ),100
VN-D571,Huyện Vạn Ninh (Khánh Hòa),100
VN-D572,Thị xã Ninh Hòa (Khánh Hòa),100
VN-D829,Thành phố Bến Tre (Vĩnh Long),100
VN-D627,Huyện Chư Păh (Gia Lai),100
VN-D628,Huyện Ia Grai (Gia Lai),100
VN-D294,Huyện Thanh Hà (Hải Phòng),100
VN-D295,Huyện Cẩm Giàng (Hải Phòng),100
VN-D558,Huyện Đồng Xuân (Đắk Lắk),100
VN-D559,Huyện Tuy An (Đắk Lắk),100
VN-D672,Thành phố Đà Lạt (Lâm Đồng),100
VN-D873,Huyện Cao Lãnh (Đồng Tháp),100
VN-D877,Huyện Châu Thành (Đồng Tháp),100
VN-D883,Thành phố Long Xuyên (An Giang),100
VN-D886,Huyện An Phú (An Giang),100
VN-D908,Huyện An Biên (An Giang),100
VN-D909,Huyện An Minh (An Giang),100
VN-D806,Huyện Cần Đước (Tây Ninh),100
VN-D961,Huyện Hoà Bình (Cà Mau),100
VN-D959,Thị xã Giá Rai (Cà Mau),100
VN-D935,Huyện Vị Thuỷ (Cần Thơ),100
VN-D360,Huyện Ý Yên (Ninh Bình),100
VN-D970,Huyện Đầm Dơi (Cà Mau),100
VN-D491,Quận Thanh Khê (Đà Nẵng),100
VN-D492,Quận Hải Châu (Đà Nẵng),100
VN-D495,Quận Cẩm Lệ (Đà Nẵng),100
VN-D493,Quận Sơn Trà (Đà Nẵng),100
VN-D494,Quận Ngũ Hành Sơn (Đà Nẵng),100
VN-D497,Huyện Hòa Vang (Đà Nẵng),100
VN-D855,Thành phố Vĩnh Long (Vĩnh Long),100
VN-D633,Huyện Chư Sê (Gia Lai),100
VN-D341,Huyện Thái Thụy (Hưng Yên),100
VN-D362,Huyện Nam Trực (Ninh Bình),100
VN-D363,Huyện Trực Ninh (Ninh Bình),100
VN-D683,Huyện Cát Tiên (Lâm Đồng),100
VN-D306,Quận Hải An (Hải Phòng),100
VN-D307,Quận Kiến An (Hải Phòng),100
VN-D505,Huyện Đông Giang (Đà Nẵng),100
VN-D413,Thị xã Cửa Lò (Nghệ An),100
VN-D415,Huyện Quế Phong (Nghệ An),100
VN-D416,Huyện Quỳ Châu (Nghệ An),100
VN-D732,Thị xã Long Khánh (Đồng Nai),100
VN-D919,Quận Cái Răng (Cần Thơ),100
VN-D924,Huyện Vĩnh Thạnh (Cần Thơ),100
VN-D631,Huyện Đức Cơ (Gia Lai),100
VN-D632,Huyện Chư Prông (Gia Lai),100
VN-D639,Huyện Chư Pưh (Gia Lai),100
VN-D689,Thị xã Đồng Xoài (Đồng Nai),100
VN-D690,Thị xã Bình Long (Đồng Nai),100
VN-D705,Huyện Tân Biên (Tây Ninh),100
VN-D374,Huyện Hoa Lư (Ninh Bình),100
VN-D911,Huyện Phú Quốc (An Giang),100
VN-D912,Huyện Kiên Hải (An Giang),100
VN-D398,Huyện Thiệu Hóa (Thanh Hóa),100
VN-D401,Huyện Nga Sơn (Thanh Hóa),100
VN-D402,Huyện Như Xuân (Thanh Hóa),100
VN-D441,Huyện Vũ Quang (Hà Tĩnh),100
VN-D468,Huyện Cam Lộ (Quảng Trị),100
VN-D771,Quận 10 (Hồ Chí Minh),100
VN-D773,Quận 4 (Hồ Chí Minh),100
VN-D561,Huyện Sông Hinh (Đắk Lắk),100
VN-D741,Huyện Xuân Lộc (Đồng Nai),100
VN-D657,Huyện Cư Kuin (Đắk Lắk),100
VN-D655,Huyện Krông A Na (Đắk Lắk),100
VN-D656,Huyện Lắk (Đắk Lắk),100
VN-D674,Huyện Đam Rông (Lâm Đồng),100
VN-D676,Huyện Lâm Hà (Lâm Đồng),100
VN-D677,Huyện Đơn Dương (Lâm Đồng),100
VN-D767,Quận Tân Phú (Hồ Chí Minh),100
VN-D768,Quận Phú Nhuận (Hồ Chí Minh),100
VN-D821,Huyện Châu Thành (Đồng Tháp),100
VN-D944,Huyện Mỹ Tú (Cần Thơ),100
VN-D892,Huyện Châu Thành (An Giang),100
VN-D844,Huyện Càng Long (Vĩnh Long),100
VN-D845,Huyện Cầu Kè (Vĩnh Long),100
VN-D846,Huyện Tiểu Cần (Vĩnh Long),100
VN-D422,Huyện Con Cuông (Nghệ An),100
VN-D712,Huyện Trảng Bàng (Tây Ninh),100
VN-D630,Huyện Kông Chro (Gia Lai),100
VN-D703,Thành phố Tây Ninh (Tây Ninh),100
VN-D769,Quận 2 (Hồ Chí Minh),100
VN-D682,Huyện Đạ Tẻh (Lâm Đồng),100
VN-D453,Huyện Tuyên Hóa (Quảng Trị),100
VN-D436,Thành phố Hà Tĩnh (Hà Tĩnh),100
VN-D461,Thành phố Đông Hà (Quảng Trị),100
VN-D599,Huyện Tánh Linh (Lâm Đồng),100
VN-D808,Huyện Châu Thành (Tây Ninh),100
VN-D815,Thành phố Mỹ Tho (Đồng Tháp),100
VN-D531,Huyện Minh Long (Quảng Ngãi),100
VN-D968,Huyện Trần Văn Thời (Cà Mau),100
VN-D969,Huyện Cái Nước (Cà Mau),100
VN-D857,Huyện Long Hồ (Vĩnh Long),100
VN-D734,Huyện Tân Phú (Đồng Nai),100
VN-D837,Huyện Thạnh Phú (Vĩnh Long),100
VN-D858,Huyện Mang Thít (Vĩnh Long),100
VN-D512,Huyện Hiệp Đức (Đà Nẵng),100
VN-D535,Huyện Ba Tơ (Quảng Ngãi),100
VN-D536,Huyện Lý Sơn (Quảng Ngãi),100
VN-D542,Huyện An Lão (Gia Lai),100
VN-D543,Huyện Hoài Nhơn (Gia Lai),100
VN-D589,Huyện Thuận Nam (Khánh Hòa),100
VN-D587,Huyện Ninh Phước (Khánh Hòa),100
VN-D735,Huyện Vĩnh Cửu (Đồng Nai),100
VN-D557,Thị xã Sông Cầu (Đắk Lắk),100
VN-D842,Thành phố Trà Vinh (Vĩnh Long),100
VN-D651,Huyện Ea Kar (Đắk Lắk),100
VN-D706,Huyện Tân Châu (Tây Ninh),100
VN-D707,Huyện Dương Minh Châu (Tây Ninh),100
VN-D742,Huyện Nhơn Trạch (Đồng Nai),100
VN-D866,Thành phố Cao Lãnh (Đồng Tháp),100
VN-D893,Huyện Chợ Mới (An Giang),100
VN-D613,Huyện Kon Plông (Quảng Ngãi),100
VN-D802,Huyện Đức Hòa (Tây Ninh),100
VN-D871,Huyện Tam Nông (Đồng Tháp),100
VN-D872,Huyện Tháp Mười (Đồng Tháp),100
VN-D652,Huyện M'Đrắk (Đắk Lắk),100
VN-D711,Huyện Bến Cầu (Tây Ninh),100
VN-D894,Huyện Thoại Sơn (An Giang),100
VN-D614,Huyện Kon Rẫy (Quảng Ngãi),100
VN-D615,Huyện Đắk Hà (Quảng Ngãi),100
VN-D623,Thị xã An Khê (Gia Lai),100
VN-D679,Huyện Di Linh (Lâm Đồng),100
VN-D916,Quận Ninh Kiều (Cần Thơ),100
VN-D917,Quận Ô Môn (Cần Thơ),100
VN-D918,Quận Bình Thuỷ (Cần Thơ),100
VN-D680,Huyện Bảo Lâm (Lâm Đồng),100
VN-D634,Huyện Đăk Pơ (Gia Lai),100
VN-D635,Huyện Ia Pa (Gia Lai),100
VN-D660,Thị xã Gia Nghĩa (Lâm Đồng),100
VN-D661,Huyện Đăk Glong (Lâm Đồng),100
VN-D662,Huyện Cư Jút (Lâm Đồng),100
VN-D663,Huyện Đắk Mil (Lâm Đồng),100
VN-D673,Thành phố Bảo Lộc (Lâm Đồng),100
VN-D675,Huyện Lạc Dương (Lâm Đồng),100
VN-D678,Huyện Đức Trọng (Lâm Đồng),100
VN-D752,Huyện Long Điền (Hồ Chí Minh),100
VN-D753,Huyện Đất Đỏ (Hồ Chí Minh),100
VN-D765,Quận Bình Thạnh (Hồ Chí Minh),100
VN-D766,Quận Tân Bình (Hồ Chí Minh),100
VN-D947,Huyện Mỹ Xuyên (Cần Thơ),100
VN-D784,Huyện Hóc Môn (Hồ Chí Minh),100
VN-D884,Thành phố Châu Đốc (An Giang),100
VN-D859,Huyện Vũng Liêm (Vĩnh Long),100
VN-D926,Huyện Phong Điền (Cần Thơ),100
VN-D930,Thành phố Vị Thanh (Cần Thơ),100
VN-D931,Thị xã Ngã Bảy (Cần Thơ),100
VN-D945,Huyện Cù Lao Dung (Cần Thơ),100
VN-D948,Thị xã Ngã Năm (Cần Thơ),100
VN-D949,Huyện Thạnh Trị (Cần Thơ),100
VN-D950,Thị xã Vĩnh Châu (Cần Thơ),100
VN-D958,Huyện Vĩnh Lợi (Cà Mau),100
VN-D960,Huyện Đông Hải (Cà Mau),100
VN-D971,Huyện Năm Căn (Cà Mau),100
VN-D972,Huyện Phú Tân (Cà Mau),100
VN-D973,Huyện Ngọc Hiển (Cà Mau),100
VN-D755,Huyện Côn Đảo (Hồ Chí Minh),100
VN-D498,Huyện Hoàng Sa (Đà Nẵng),100
